{"client_meta":{"background_color":{"r":0.8980392217636108,"g":0.8980392217636108,"b":0.8980392217636108,"a":1},"thumbnail_size":{"width":121,"height":400},"render_coordinates":{"x":3059,"y":-3056,"width":1440,"height":4774}},"file_name":"Travel Website Landing Page (Community)"}